-- MySQL dump 10.13  Distrib 8.0.42, for Win64 (x86_64)
--
-- Host: 127.0.0.1    Database: spurfy
-- ------------------------------------------------------
-- Server version	8.0.42

/*!40101 SET @OLD_CHARACTER_SET_CLIENT=@@CHARACTER_SET_CLIENT */;
/*!40101 SET @OLD_CHARACTER_SET_RESULTS=@@CHARACTER_SET_RESULTS */;
/*!40101 SET @OLD_COLLATION_CONNECTION=@@COLLATION_CONNECTION */;
/*!50503 SET NAMES utf8mb4 */;
/*!40103 SET @OLD_TIME_ZONE=@@TIME_ZONE */;
/*!40103 SET TIME_ZONE='+00:00' */;
/*!40014 SET @OLD_UNIQUE_CHECKS=@@UNIQUE_CHECKS, UNIQUE_CHECKS=0 */;
/*!40014 SET @OLD_FOREIGN_KEY_CHECKS=@@FOREIGN_KEY_CHECKS, FOREIGN_KEY_CHECKS=0 */;
/*!40101 SET @OLD_SQL_MODE=@@SQL_MODE, SQL_MODE='NO_AUTO_VALUE_ON_ZERO' */;
/*!40111 SET @OLD_SQL_NOTES=@@SQL_NOTES, SQL_NOTES=0 */;

--
-- Dumping data for table `ai_recommend_history`
--

--
-- Dumping data for table `dogs`
--

/*!40000 ALTER TABLE `dogs` DISABLE KEYS */;
INSERT INTO `dogs` (`dog_id`, `user_id`, `name`, `breed`, `birth_date`, `gender`, `weight`, `notes`, `created_at`, `image_url`) VALUES ('0d71024f-0123-43dd-9452-e7c5106777e0','842fb9ed-b7ba-49fd-86d0-d7457348e327','íƒ„ì´','ì¹˜ì™€ì™€','2022-06-08','M',3.5,'ê²ì´ ë§Žì•„ìš” ã… ','2025-08-07 00:00:00','/dog-images/b42edcf7-ebcc-4f27-af8f-de12c5965481_20250807_233510527.jpg'),('42be78de-17af-4d48-85a1-e4814a3d990a','842fb9ed-b7ba-49fd-86d0-d7457348e327','ë¯¸ë¯¸','ë§í‹°ì¦ˆ','2009-12-24','F',5.5,'í”¼ë¶€ê°€ ì•ˆì¢‹ì•„ìš”','2025-06-20 00:00:00','/dog-images/a8014373-3871-459b-bd70-7d838e060650_20250807_233518770.webp'),('995fac19-e53c-442e-a3b0-0ee739d2ea93','842fb9ed-b7ba-49fd-86d0-d7457348e327','ë½€ì‚','ì¹˜ì™€ì™€','2020-11-18','F',3.3,NULL,'2025-07-31 00:00:00',NULL);
/*!40000 ALTER TABLE `dogs` ENABLE KEYS */;

--
-- Dumping data for table `payments`
--

/*!40000 ALTER TABLE `payments` DISABLE KEYS */;
INSERT INTO `payments` (`payment_id`, `reservation_id`, `user_id`, `amount`, `payment_method`, `payment_status`, `created_at`) VALUES ('08cd4482-955a-4252-a7d5-7e3e1c683fa9','21f026f9-91a6-4618-9835-dbf3d1380c7f','842fb9ed-b7ba-49fd-86d0-d7457348e327',39000.00,'CARD','PAID','2025-07-28 18:52:03'),('2a65f056-bafd-4aa7-a31e-cb4b235e2375','27fd42f6-da08-4d43-8336-67d6764dc05d','842fb9ed-b7ba-49fd-86d0-d7457348e327',29000.00,'CARD','PAID','2025-09-05 01:02:00'),('32eccbaf-9791-432d-92cf-5c5e57c185e4','5f43bcdf-692b-49e9-873b-cb454ab04935','842fb9ed-b7ba-49fd-86d0-d7457348e327',35000.00,'CARD','PAID','2025-06-23 00:07:38'),('37526799-1539-4b58-bb8f-322e3f9fe126','6e5be938-0fd5-4d4d-83d8-4f627a9aa7d8','842fb9ed-b7ba-49fd-86d0-d7457348e327',29000.00,'CARD','PAID','2025-07-28 17:58:10'),('380d4496-a153-4bc8-82c2-bbc5ee5a9feb','89b323be-1e54-4c0e-b4b7-953f3322b879','842fb9ed-b7ba-49fd-86d0-d7457348e327',29000.00,'CARD','PAID','2025-08-07 21:43:10'),('38e0161d-0d2c-4e61-8096-5e41f6fed9c3','f2bdd049-daed-4809-b823-e9d87217357a','842fb9ed-b7ba-49fd-86d0-d7457348e327',29000.00,'CARD','PAID','2025-09-14 14:29:21'),('7a630303-e0c1-463c-93b0-817a27c787c9','d990ec83-9627-4fa0-95f6-3552f8b39084','842fb9ed-b7ba-49fd-86d0-d7457348e327',45900.00,'EASY_PAY','PAID','2025-07-29 18:38:12'),('a249d63f-6340-48bc-98b3-347e8ddfad5c','a12b3290-0101-44fc-a625-a32924a014de','842fb9ed-b7ba-49fd-86d0-d7457348e327',35000.00,'CARD','PAID','2025-06-22 23:08:30'),('d0debfa8-0838-4411-be6b-ab8c471e74f6','f6095101-0cd3-48bc-a7af-0ed44cee89c6','842fb9ed-b7ba-49fd-86d0-d7457348e327',35000.00,'CARD','PAID','2025-06-23 00:17:54');
/*!40000 ALTER TABLE `payments` ENABLE KEYS */;

--
-- Dumping data for table `refresh_tokens`
--

--
-- Dumping data for table `reservations`
--

/*!40000 ALTER TABLE `reservations` DISABLE KEYS */;
INSERT INTO `reservations` (`reservation_id`, `user_id`, `dog_id`, `service_id`, `reservation_date`, `reservation_time`, `reservation_status`, `refund_type`, `cancel_reason`, `refunded_at`, `created_at`, `updated_at`, `refund_status`, `payment_status`, `price`) VALUES ('21f026f9-91a6-4618-9835-dbf3d1380c7f','842fb9ed-b7ba-49fd-86d0-d7457348e327','42be78de-17af-4d48-85a1-e4814a3d990a','spa_004','2025-07-30','13:00:00','COMPLETED','FULL','',NULL,'2025-07-28 18:52:03','2025-07-31 14:38:48','NONE',NULL,39000),('27fd42f6-da08-4d43-8336-67d6764dc05d','842fb9ed-b7ba-49fd-86d0-d7457348e327','42be78de-17af-4d48-85a1-e4814a3d990a','spa_001','2025-09-12','13:00:00','COMPLETED','FULL','',NULL,'2025-09-05 01:02:00','2025-09-14 13:45:21','NONE',NULL,29000),('5f43bcdf-692b-49e9-873b-cb454ab04935','842fb9ed-b7ba-49fd-86d0-d7457348e327','42be78de-17af-4d48-85a1-e4814a3d990a','spa_002','2025-06-25','17:00:00','CANCELED','AUTO','ì‚¬ìš©ìž ìš”ì²­','2025-06-23 00:07:45','2025-06-23 00:07:38','2025-06-23 00:07:45','COMPLETED',NULL,35000),('6e5be938-0fd5-4d4d-83d8-4f627a9aa7d8','842fb9ed-b7ba-49fd-86d0-d7457348e327','42be78de-17af-4d48-85a1-e4814a3d990a','spa_001','2025-07-29','13:00:00','CANCELED','AUTO','ì‹œê°„ì´ ì•ˆë ê±° ê°™ì•„ìš”','2025-07-28 18:25:11','2025-07-28 17:58:10','2025-07-28 18:25:11','COMPLETED',NULL,29000),('89b323be-1e54-4c0e-b4b7-953f3322b879','842fb9ed-b7ba-49fd-86d0-d7457348e327','0d71024f-0123-43dd-9452-e7c5106777e0','spa_001','2025-08-20','13:00:00','CANCELED','AUTO','ì‚¬ìš©ìž ìš”ì²­ (ì‚¬ìœ  ë¯¸ìž…ë ¥)','2025-08-07 21:47:33','2025-08-07 21:43:10','2025-08-07 21:47:32','COMPLETED',NULL,29000),('a12b3290-0101-44fc-a625-a32924a014de','842fb9ed-b7ba-49fd-86d0-d7457348e327','42be78de-17af-4d48-85a1-e4814a3d990a','spa_002','2025-06-27','15:00:00','CANCELED','AUTO','ì‚¬ìš©ìž ìš”ì²­',NULL,'2025-06-22 23:08:30','2025-06-22 23:41:26','WAITING',NULL,35000),('d990ec83-9627-4fa0-95f6-3552f8b39084','842fb9ed-b7ba-49fd-86d0-d7457348e327','42be78de-17af-4d48-85a1-e4814a3d990a','spa_002','2025-07-31','15:00:00','COMPLETED','FULL','',NULL,'2025-07-29 18:38:12','2025-08-01 15:02:11','NONE',NULL,45900),('f2bdd049-daed-4809-b823-e9d87217357a','842fb9ed-b7ba-49fd-86d0-d7457348e327','42be78de-17af-4d48-85a1-e4814a3d990a','spa_001','2025-09-19','13:00:00','COMPLETED','FULL','',NULL,'2025-09-14 14:29:21','2025-09-20 15:13:31','NONE',NULL,29000),('f6095101-0cd3-48bc-a7af-0ed44cee89c6','842fb9ed-b7ba-49fd-86d0-d7457348e327','42be78de-17af-4d48-85a1-e4814a3d990a','spa_002','2025-06-25','15:00:00','CANCELED','AUTO','ì‹œê°„ì´ ì•ˆë ê±° ê°™ìŠµë‹ˆë‹¤ ã… ã… !','2025-06-23 00:18:40','2025-06-23 00:17:54','2025-06-23 00:18:39','COMPLETED',NULL,35000);
/*!40000 ALTER TABLE `reservations` ENABLE KEYS */;

--
-- Dumping data for table `reviews`
--

/*!40000 ALTER TABLE `reviews` DISABLE KEYS */;
INSERT INTO `reviews` (`review_id`, `reservation_id`, `user_id`, `dog_id`, `rating`, `content`, `image_url`, `is_blinded`, `created_at`, `updated_at`) VALUES ('14233c00-c036-40b7-9bde-5c5826c6aff1','27fd42f6-da08-4d43-8336-67d6764dc05d','842fb9ed-b7ba-49fd-86d0-d7457348e327','42be78de-17af-4d48-85a1-e4814a3d990a',4,'ì›°ì»´ ìŠ¤íŒŒëŠ” ì–¸ì œ ì´ìš©í•´ë„ ë¶€ë‹´ì—†ì´ ë°›ì„ ìˆ˜ ìžˆì–´ì„œ ë„ˆë¬´ ë§Œì¡±í•´ìš”!! >_<','',0,'2025-09-16 00:19:54',NULL),('550fa879-796e-4552-bf16-2f1c85c16d39','21f026f9-91a6-4618-9835-dbf3d1380c7f','842fb9ed-b7ba-49fd-86d0-d7457348e327','42be78de-17af-4d48-85a1-e4814a3d990a',5,'ì €í¬ ë¯¸ë¯¸ í”¼ë¶€ê°€ ë˜ê²Œ ì˜ˆë¯¼í•œë° ìŠ¤íŒŒ ë°›ê³  ë‚œ ì´í›„ë¡œ ë§Žì´ ì§„ì •ëì–´ìš”! ê°•ì¶”í•©ë‹ˆë‹¹ ã…Ž','',0,'2025-07-31 23:05:56',NULL);
/*!40000 ALTER TABLE `reviews` ENABLE KEYS */;

--
-- Dumping data for table `service_info`
--

/*!40000 ALTER TABLE `service_info` DISABLE KEYS */;
INSERT INTO `service_info` (`info_id`, `category`, `title`, `content`, `display_order`, `is_active`, `created_at`, `updated_at`) VALUES (1,'ì´ìš©_ì•ˆë‚´','ì´ìš© ì „ ì•ˆë‚´','ì˜ˆì•½ ì‹œê°„ 10ë¶„ ì „ê¹Œì§€ ë„ì°©í•´ ì£¼ì„¸ìš”.\në„ì°© í›„ ìƒë‹´ì„ í†µí•´ ìŠ¤íŒŒ ì§„í–‰ì´ ì´ë£¨ì–´ì§‘ë‹ˆë‹¤.\nì˜ˆì•½ ì‹œê°„ ê¸°ì¤€ 30ë¶„ ì´ìƒ ì§€ì—° ì‹œ ì˜ˆì•½ì´ ìžë™ ì·¨ì†Œë  ìˆ˜ ìžˆìŠµë‹ˆë‹¤.',1,1,'2025-06-29 19:12:54','2025-06-29 19:12:54'),(2,'ì´ìš©_ì•ˆë‚´','ì´ìš© ì‹œê°„ ì•ˆë‚´','í‰ê·  ì´ìš© ì‹œê°„: 40~60ë¶„\n ê²¬ì¢…ê³¼ ì„œë¹„ìŠ¤ ì¢…ë¥˜ì— ë”°ë¼ ë‹¬ë¼ì§ˆ ìˆ˜ ìžˆìŠµë‹ˆë‹¤.\n ë°˜ë ¤ê²¬ ìƒíƒœì— ë”°ë¼ ì¤‘ë‹¨ ë˜ëŠ” íœ´ì‹ì´ ì œê³µë  ìˆ˜ ìžˆìŠµë‹ˆë‹¤.',2,1,'2025-06-29 19:13:15','2025-10-27 20:38:32'),(3,'ì„œë¹„ìŠ¤_ì†Œê°œ','ìŠ¤íŒŒ ì„œë¹„ìŠ¤ ì†Œê°œ','ì €í¬ SpurfyëŠ” ë°˜ë ¤ê²¬ì´ íŽ¸ì•ˆížˆ ì‰´ ìˆ˜ ìžˆëŠ” ìŠ¤íŒŒ ê³µê°„ì„ ì œê³µí•©ë‹ˆë‹¤.\ní”¼ë¶€ ìžê·¹ì€ ì¤„ì´ê³ , ê±´ê°•í•œ íœ´ì‹ì„ ë•ëŠ” ìˆœí•œ ì¼€ì–´ë§Œì„ ë‹´ì•˜ìŠµë‹ˆë‹¤.\në°˜ë ¤ê²¬ì˜ ì»¨ë””ì…˜ì— ë”°ë¼ ìœ ì—°í•˜ê²Œ ì§„í–‰ë˜ì–´, ë¯¼ê°í•œ í”¼ë¶€ë„ ë¶€ë‹´ ì—†ì´ ì¼€ì–´ë°›ì„ ìˆ˜ ìžˆìŠµë‹ˆë‹¤.',3,1,'2025-06-29 19:15:23','2025-08-08 21:50:58');
/*!40000 ALTER TABLE `service_info` ENABLE KEYS */;

--
-- Dumping data for table `spa_service_tags`
--

/*!40000 ALTER TABLE `spa_service_tags` DISABLE KEYS */;
INSERT INTO `spa_service_tags` (`service_id`, `tag_id`) VALUES ('spa_001',1),('spa_001',2),('spa_001',3),('spa_004',5),('spa_004',6),('spa_004',8),('spa_003',10),('spa_003',12),('spa_002',14),('spa_002',16);
/*!40000 ALTER TABLE `spa_service_tags` ENABLE KEYS */;

--
-- Dumping data for table `spa_services`
--

/*!40000 ALTER TABLE `spa_services` DISABLE KEYS */;
INSERT INTO `spa_services` (`service_id`, `name`, `description`, `duration_minutes`, `price`, `is_active`, `created_at`, `updated_at`, `image_url`, `available_times`, `slug`) VALUES ('spa_001','ì›°ì»´ ìŠ¤íŒŒ','ìŠ¤íŒŒ ì²« ê²½í—˜ì„ ìœ„í•œ ê¸°ë³¸ ì¼€ì–´ìž…ë‹ˆë‹¤.\nìˆœí•œ ì²œì—° ìƒ´í‘¸ì™€ íŽ¸ì•ˆí•œ ë§ˆì‚¬ì§€ë¡œ í”¼ë¶€ë¥¼ ì§„ì •ì‹œí‚¤ê³ ,\në¶€ë“œëŸ¬ìš´ ë¸ŒëŸ¬ì‹±ìœ¼ë¡œ í„¸ì„ ê¹”ë”í•˜ê²Œ ì •ë¦¬í•´ ë“œë¦½ë‹ˆë‹¤.\nì²˜ìŒ ìŠ¤íŒŒë¥¼ ì ‘í•˜ëŠ” ì•„ì´ì—ê²Œ ì¶”ì²œë“œë¦½ë‹ˆë‹¤.',50,29000,1,'2025-06-29 13:56:44','2025-07-28 17:40:30',NULL,'10:00,13:00,15:00,17:00','welcome-spa'),('spa_002','í”„ë¦¬ë¯¸ì—„ ë¸ŒëŸ¬ì‹± ìŠ¤íŒŒ','ì„¬ì„¸í•œ ë¸ŒëŸ¬ì‹±ê³¼ ê³ ê¸‰ ì¼€ì–´ë¥¼ ì œê³µí•˜ëŠ” í”„ë¦¬ë¯¸ì—„ ìŠ¤íŒŒìž…ë‹ˆë‹¤.\nì—‰í‚¨ í„¸ì„ ë¶€ë“œëŸ½ê²Œ í’€ê³ , ìœ¤ê¸° ë‚˜ëŠ” ëª¨ì§ˆë¡œ ê´€ë¦¬í•´ ë“œë¦½ë‹ˆë‹¤.\nì •ê¸° ì¼€ì–´ë‚˜ íŠ¹ë³„í•œ ë‚ ì— ì¶”ì²œë“œë¦½ë‹ˆë‹¤.',60,45900,1,'2025-06-06 20:59:31','2025-07-28 17:40:47',NULL,'10:00,13:00,15:00,17:00','premium-brushing-spa'),('spa_003','ë¦´ë ‰ì‹± í…Œë¼í”¼ ìŠ¤íŒŒ','ê´€ì ˆê³¼ ê·¼ìœ¡ì˜ í”¼ë¡œë¥¼ í’€ì–´ì£¼ëŠ” ë¦´ë ‰ì‹± ìŠ¤íŒŒìž…ë‹ˆë‹¤.\në”°ëœ»í•œ ì˜¨ìš•ê³¼ ì „ë¬¸ ë§ˆì‚¬ì§€ë¡œ í™œë™ëŸ‰ì´ ë§Žì€ ì•„ì´ë“¤ì˜ íšŒë³µì„ ë•ê³ ,\níŽ¸ì•ˆí•œ íœ´ì‹ì„ ì œê³µí•©ë‹ˆë‹¤.',60,45900,1,'2025-06-29 13:57:41','2025-07-28 17:41:04',NULL,'10:00,13:00,15:00,17:00','relaxing-therapy-spa'),('spa_004','ì¹´ë° ìŠ¤í‚¨ ìŠ¤íŒŒ','ì˜ˆë¯¼í•˜ê³  ë¯¼ê°í•œ í”¼ë¶€ë¥¼ ìœ„í•œ ì§„ì • ìŠ¤íŒŒìž…ë‹ˆë‹¤.\nì €ìžê·¹ ì²œì—° ì œí’ˆì„ ì‚¬ìš©í•´ í”¼ë¶€ ìžê·¹ì„ ìµœì†Œí™”í•˜ë©°,\ní”¼ë¶€ë¥¼ íŽ¸ì•ˆí•˜ê²Œ ì•ˆì •ì‹œì¼œ ì¤ë‹ˆë‹¤.',60,39000,1,'2025-06-29 13:58:11','2025-07-28 17:41:21',NULL,'10:00,13:00,15:00,17:00','calming-skin-spa');
/*!40000 ALTER TABLE `spa_services` ENABLE KEYS */;

--
-- Dumping data for table `tags`
--

/*!40000 ALTER TABLE `tags` DISABLE KEYS */;
INSERT INTO `tags` (`tag_id`, `tag_name`, `created_at`, `updated_at`) VALUES (1,'ìŠ¤í…Œë””','2025-06-29 19:04:29','2025-06-29 19:04:29'),(2,'ê¸°ë³¸ì¼€ì–´','2025-06-29 19:04:31','2025-06-29 19:04:31'),(3,'ì²«ìŠ¤íŒŒì¶”ì²œ','2025-06-29 19:04:32','2025-06-29 19:04:32'),(5,'ì €ìžê·¹ì¼€ì–´','2025-06-29 19:04:48','2025-06-29 19:04:48'),(6,'í”¼ë¶€ì§„ì •','2025-06-29 19:04:58','2025-06-29 19:04:58'),(8,'ë¯¼ê°í”¼ë¶€ðŸ‘ŒðŸ»','2025-06-29 19:05:36','2025-08-12 01:46:56'),(10,'ë…¸ê²¬ì¼€ì–´','2025-06-29 19:06:06','2025-06-29 19:06:06'),(12,'ê´€ì ˆì´ì™„','2025-06-29 19:06:15','2025-06-29 19:06:15'),(14,'ê³ ê¸‰ì¼€ì–´','2025-06-29 19:06:49','2025-06-29 19:06:49'),(16,'ë³´í˜¸ìžë§Œì¡±ë„ðŸ‘ðŸ»','2025-06-29 19:06:52','2025-08-12 01:46:55'),(20,'ë§žì¶¤ì¼€ì–´','2025-06-29 19:07:32','2025-06-29 19:07:32'),(22,'AIì¶”ì²œ','2025-06-29 19:07:52','2025-06-29 19:07:52');
/*!40000 ALTER TABLE `tags` ENABLE KEYS */;

--
-- Dumping data for table `users`
--

/*!40000 ALTER TABLE `users` DISABLE KEYS */;
INSERT INTO `users` (`user_id`, `email`, `password`, `name`, `nickname`, `phone`, `profile_image`, `user_status`, `user_role`, `last_login_at`, `created_at`, `updated_at`, `withdrawal_date`, `withdrawal_reason`) VALUES ('71fa70a1-0b18-4cdc-abd9-d141f4d1a87b','t@t.com','$2a$10$wD6ikQJRSaxaRBbAR8UnleCyX/Id0XzjbvwibTPlDUYlPwEHl168G','ë¼ì§€ì½”','í…ŒìŠ¤íŠ¸ìš©','01012345678',NULL,'ACTIVE','USER',NULL,'2025-08-27 20:51:54','2025-09-03 18:45:24',NULL,NULL),('842fb9ed-b7ba-49fd-86d0-d7457348e327','oyl582@naver.com','$2a$10$R3vTH.GCUDEYNhydMrcsAeWWF/ZRK/GicL8rS6kktp0DqfgswFy8S','ì˜¤ì˜ˆë¦¼','ì˜ˆë¦¬ë¯¸ì•„ë‹˜','01050768082',NULL,'ACTIVE','USER',NULL,'2025-06-20 22:57:41','2025-10-29 21:21:38',NULL,NULL),('c3f07130-ef51-4af9-af3a-0d6c921d4c8a','oyl991118@daum.net','$2a$10$8v6I0N/A17mjeZ7NIIgkI.0WVFIExarth6sB1PEUcGfE9mK6kLA/i','ì˜¤ì˜ˆë¦¼','ì˜ˆë¦¬ë¯¸ì§±','01050768082',NULL,'DEACTIVATED','USER',NULL,'2025-06-22 01:54:43','2025-09-03 18:51:33','2025-09-03 18:51:33.026723','ê·¸ëƒ¥ ê·¸ëž¬ì–´ìš”');
/*!40000 ALTER TABLE `users` ENABLE KEYS */;
/*!40103 SET TIME_ZONE=@OLD_TIME_ZONE */;

/*!40101 SET SQL_MODE=@OLD_SQL_MODE */;
/*!40014 SET FOREIGN_KEY_CHECKS=@OLD_FOREIGN_KEY_CHECKS */;
/*!40014 SET UNIQUE_CHECKS=@OLD_UNIQUE_CHECKS */;
/*!40101 SET CHARACTER_SET_CLIENT=@OLD_CHARACTER_SET_CLIENT */;
/*!40101 SET CHARACTER_SET_RESULTS=@OLD_CHARACTER_SET_RESULTS */;
/*!40101 SET COLLATION_CONNECTION=@OLD_COLLATION_CONNECTION */;
/*!40111 SET SQL_NOTES=@OLD_SQL_NOTES */;

-- Dump completed on 2026-01-16 20:33:41
